Metric,Mean,Interval
0,1.0,0.0
1,5.1,0.5732945723331649
2,2.05,0.49749371855331
3,0.0,0.0
4,4.25,0.6224949798994366
5,5.65,0.5722761571129799
