Metric,Mean,Interval
0,32.66835302068232,2.180369646879705
