Metric,Mean,Interval
0,31.216321635755058,1.4353705293976793
