NumberOfNodes,Mean,Interval
3,41.4,3.33315274177467
6,33.3,3.06145142048669
9,28.6571428571429,2.72331797629289
12,26.5492957746479,2.23069534976208
15,25.1971830985916,1.92790114394203
