NumberOfNodes,Mean,Interval
3,19661.6,5.582528746007496
6,19661.6,5.582528746007496
9,19661.6,5.582528746007496
12,19662.183098591548,5.619670385440385
15,19662.183098591548,5.6196703854403856
